{
  "results": [
    {
      "command": "./zig-out/bin/tokenizer_bench",
      "mean": 0.42658665592,
      "stddev": 0.025361455309115946,
      "median": 0.42667367222,
      "user": 0.06702438000000001,
      "system": 0.34823773999999996,
      "min": 0.39582625622,
      "max": 0.45536908922,
      "times": [
        0.41224100522,
        0.39856663122,
        0.40075633922000004,
        0.40939642222,
        0.39582625622,
        0.45536908922,
        0.45500254822,
        0.44354092222,
        0.45406100622,
        0.44110633922000003
      ],
      "memory_usage_byte": [
        2670592,
        2719744,
        2719744,
        2719744,
        2719744,
        2719744,
        2719744,
        2719744,
        2719744,
        2719744
      ],
      "exit_codes": [
        0,
        0,
        0,
        0,
        0,
        0,
        0,
        0,
        0,
        0
      ]
    },
    {
      "command": "./benchmark_rust/./target/release/bench",
      "mean": 0.5132843143200001,
      "stddev": 0.005180969101813573,
      "median": 0.5137852352200001,
      "user": 0.54169888,
      "system": 0.08838153999999998,
      "min": 0.50202688122,
      "max": 0.5195449642200001,
      "times": [
        0.50202688122,
        0.5089530062200001,
        0.51339596422,
        0.51672071422,
        0.5114046722200001,
        0.51185754722,
        0.5189831312200001,
        0.51417450622,
        0.51578175622,
        0.5195449642200001
      ],
      "memory_usage_byte": [
        3309568,
        3309568,
        3309568,
        3309568,
        3309568,
        3309568,
        3309568,
        3309568,
        3309568,
        3309568
      ],
      "exit_codes": [
        0,
        0,
        0,
        0,
        0,
        0,
        0,
        0,
        0,
        0
      ]
    }
  ]
}
