{
  "results": [
    {
      "command": "./zig-out/bin/tokenizer_bench",
      "mean": 4.62922470176,
      "stddev": 0.12056757898533783,
      "median": 4.60723591406,
      "user": 2.2688524599999997,
      "system": 2.28448992,
      "min": 4.46918162256,
      "max": 4.88929949756,
      "times": [
        4.53343162256,
        4.61815649756,
        4.525790081559999,
        4.46918162256,
        4.5963153305599995,
        4.70984908056,
        4.64668866456,
        4.58591141456,
        4.71762320556,
        4.88929949756
      ],
      "memory_usage_byte": [
        2670592,
        2670592,
        2670592,
        2670592,
        2670592,
        2703360,
        2703360,
        2703360,
        2703360,
        2703360
      ],
      "exit_codes": [
        0,
        0,
        0,
        0,
        0,
        0,
        0,
        0,
        0,
        0
      ]
    },
    {
      "command": "./benchmark_rust/./target/release/bench",
      "mean": 0.51381921006,
      "stddev": 0.007967787810204036,
      "median": 0.5152753730599999,
      "user": 0.5492578599999999,
      "system": 0.09446202,
      "min": 0.50100837256,
      "max": 0.52321249756,
      "times": [
        0.51632962256,
        0.51082020556,
        0.52321249756,
        0.51434366456,
        0.50100837256,
        0.50805062256,
        0.51620708156,
        0.52312583056,
        0.52189108056,
        0.50320312256
      ],
      "memory_usage_byte": [
        3276800,
        3309568,
        3309568,
        3325952,
        3325952,
        3325952,
        3325952,
        3325952,
        3325952,
        3325952
      ],
      "exit_codes": [
        0,
        0,
        0,
        0,
        0,
        0,
        0,
        0,
        0,
        0
      ]
    }
  ]
}
